nome,preco,link,loja
Avaliação 4.5 de 5.0 Kit Com 2 Memorias 8GB Ddr3 Kingston 1600mhz Kvr16n11/8,"R$ 281,98",https://www.kabum.com.br/produto/688892/kit-com-2-memorias-8gb-ddr3-kingston-1600mhz-kvr16n11-8,Kabum
"Memória Ram Coretech Spectra Neon 8GB (1x 8GB) Ddr4, 2666mhz, PC4-21300, Cl16 - Ctd426","R$ 342,04",https://www.kabum.com.br/produto/1074598/memoria-ram-coretech-spectra-neon-8gb-1x-8gb-ddr4-2666mhz-pc4-21300-cl16-ctd426,Kabum
Memoria 8GB Ddr4 3200 Cl 22 1.2v Desktop Udimm Dissipador Sgm8gl3200cl22dh Sgmax,"R$ 379,72",https://www.kabum.com.br/produto/905794/memoria-8gb-ddr4-3200-cl-22-1-2v-desktop-udimm-dissipador-sgm8gl3200cl22dh-sgmax,Kabum
Memória Ram Notebook Crucial 8GB Ddr4 2133mhz Cl15 Ct8g4sfs8213,"R$ 379,99",https://www.kabum.com.br/produto/1049879/memoria-ram-notebook-crucial-8gb-ddr4-2133mhz-cl15-ct8g4sfs8213,Kabum
Avaliação 5.0 de 5.0 Memoria 8GB Kingston Ddr4 3200mhz Kvr32n22s8/8,"R$ 418,05",https://www.kabum.com.br/produto/644889/memoria-8gb-kingston-ddr4-3200mhz-kvr32n22s8-8,Kabum
Memória Ram Hyperx Fury Ddr4 8GB 2666mhz Udimm Hx426c16fb2/8 – Desktop,"R$ 455,90",https://www.kabum.com.br/produto/914679/memoria-ram-hyperx-fury-ddr4-8gb-2666mhz-udimm-hx426c16fb2-8-desktop,Kabum
"Avaliação 4.9 de 5.0 Memória RAM para Notebook Husky, 8GB, 2666MHz, DDR4, CL19 - HRMN001082619PT","R$ 470,58",https://www.kabum.com.br/produto/643764/memoria-ram-para-notebook-husky-8gb-2666mhz-ddr4-cl19-hrmn001082619pt,Kabum
"Avaliação 5.0 de 5.0 Memória RAM Rise Mode Z, 8GB, 3200MHz, DDR4, CL19, Preto - RM-D4-8G-3200Z","R$ 569,90",https://www.kabum.com.br/produto/564716/memoria-z-series-8gb-3200-cl-19-preto-rm-d4-8g-3200z-heatsink-black,Kabum
"SELO: CUPOM MUNDOGAMER Memória RAM para Notebook Husky, 8GB, 3200MHz, DDR4, CL19 - HRMN001083219PT","R$ 576,46",https://www.kabum.com.br/produto/643765/memoria-ram-para-notebook-husky-8gb-3200mhz-ddr4-cl19-hrmn001083219pt,Kabum
"Avaliação 4.8 de 5.0 Memória Kingston Fury Beast 8GB, 3200MHz, DDR4, CL16, Preto - KF432C16BB/8","R$ 599,99",https://www.kabum.com.br/produto/313833/memoria-kingston-fury-beast-8gb-3200mhz-ddr4-cl16-preto-kf432c16bb-8,Kabum
Avaliação 5.0 de 5.0 Memória RAM Rise Mode Z 8GB 3200MHz DDR4 CL19 Branco - RM-D4-8G-3200ZW,"R$ 668,37",https://www.kabum.com.br/produto/564708/memoria-rise-mode-z-8gb-3200mhz-ddr4-cl16-branco-rm-d4-8g-3200zw,Kabum
"Avaliação 5.0 de 5.0 Memória XPG Spectrix D35G, 8GB, RGB, DDR4, 3200 Mhz, CL16, Preto - AX4U32008G16","R$ 694,11",https://www.kabum.com.br/produto/943844/memoria-xpg-spectrix-d35g-8gb-rgb-ddr4-3200-mhz-cl16-preto-ax4u32008g16a-sbkd35g,Kabum
"Avaliação 4.6 de 5.0 Memória RAM Husky Impulse, 8GB, 3200MHz, DDR4, CL22, Preto - HRM001083222PT","R$ 699,99",https://www.kabum.com.br/produto/922165/memoria-ram-husky-impulse-8gb-3200mhz-ddr4-cl22-preto-hrm001083222pt,Kabum
"Avaliação 4.9 de 5.0 Memória RAM Kingston Fury Beast, 8GB, 3200MHz, DDR4, CL16, Preto - KF432C16BB/8","R$ 788,22",https://www.kabum.com.br/produto/172365/memoria-ram-kingston-fury-beast-8gb-3200mhz-ddr4-cl16-preto-kf432c16bb-8,Kabum
"Memória RAM XPG Lancer Blade, 8GB, 5600MHz, DDR5, CL46, Preto - AX5U5600C468G-SLABRBK","R$ 1.199,99",https://www.kabum.com.br/produto/1057601/memoria-ram-xpg-lancer-blade-8gb-5600mhz-ddr5-cl46-preto-ax5u5600c468g-slabrbk,Kabum
